ID,Título,Autor,Categoría,Año
1,Second become task.,Regina Golden,Ciencia,2016
2,Dinner test.,John Clark,Infantil,2003
3,Green understand.,Aaron Perez,Filosofía,2014
4,Miss where dinner.,Alexa Smith,Novela,2011
5,Push yet themselves.,Kristen Sanders,Infantil,2014
6,Each true.,Jacob Henderson,Economía,1955
7,Water develop.,Tiffany Ballard,Psicología,2018
8,Investment if.,Diane Maldonado,Religión,2023
9,Create popular usually shoulder.,Kimberly Bean,Arte,1978
10,Unit.,Ricky Moody,Arte,1991
11,Kitchen some lead.,Robert Hoffman,Ciencia,1978
12,Make back.,Erin Banks,Música,1975
13,Cut that fund.,Joseph Bautista,Derecho,1981
14,Accept economy.,Ashley Smith,Religión,1981
15,Could group science.,Edward Gallagher,Religión,2003
16,Yeah value interview.,Susan Johnson,Astronomía,1953
17,Night glass case car.,Amber Wood,Astronomía,1997
18,Accept perform message.,John Conrad,Música,1991
19,Media necessary.,Zachary Gonzalez,Cocina,1991
20,Stay life last.,Elizabeth Mcdowell,Política,1975
21,Thank range important.,Robert Evans,Historia,2018
22,Long direction hit.,Thomas Gibson,Arte,1955
23,Off.,Michael Cox,Filosofía,1979
24,Fill maybe six certainly.,Christina Harris,Música,2003
25,Day this.,Natalie Brown,Tecnología,1975
26,Air.,Michael Owen,Filosofía,1955
27,Fly action.,Kathryn Flowers,Deportes,1986
28,Development security appear.,Zachary Landry,Filosofía,1975
29,Tonight wait.,Vernon Davis,Ciencia,1985
30,Reveal course make.,Danielle Nunez,Arte,2012
31,Skin model job.,Kimberly Reynolds,Ciencia,1990
32,Evening fall need.,Jennifer Smith,Educación,1969
33,Leg car personal.,John Hayes,Ciencia,1982
34,Surface fill.,Barbara Lee,Astronomía,1989
35,Site more.,Terry Taylor,Historia,1969
36,Benefit prepare.,Briana Scott,Juvenil,1958
37,More across.,Lee Schmidt,Historia,1980
38,True position.,Pamela Rasmussen,Filosofía,1980
39,See common.,Jesse Moore,Juvenil,1980
40,Show probably man.,Manuel Sexton,Novela,1995
41,Course policy husband.,Jessica Smith,Cocina,2015
42,Matter price.,Jessica Park,Economía,1992
43,Computer newspaper.,Lisa Montgomery,Medicina,1963
44,Interesting less.,Jennifer Hernandez,Historia,1989
45,Point yourself population.,Rebecca Moreno DDS,Viajes,2008
46,One long its.,Emily Duncan,Derecho,1960
47,Sign study must.,Nicole Holmes,Medicina,1998
48,Or black yes.,Scott Chen,Economía,1962
49,Travel thousand item.,Christopher Ramsey,Política,2004
50,Always.,Diana Sawyer,Filosofía,1986
