ID,Nombre,Apellido,Teléfono,Email
1,Elizabeth,Wang,001-126-741-9760x086,jjohnson@gmail.com
2,Nicole,Zimmerman,309-858-4573x785,jlivingston@gmail.com
3,Jennifer,Jordan,+1-452-890-9202x62331,johnwall@yahoo.com
4,Amy,Terry,935.780.8538x16923,villanicole@gmail.com
5,Erin,Johnson,001-097-577-8058x98584,ksmith@vazquez.com
6,John,Maxwell,(442)956-5656,nyoung@gmail.com
7,Timothy,Stanley,362-399-0358x129,nicholasanderson@yahoo.com
8,Maurice,Rose,807.878.6124x047,ellenmcconnell@gmail.com
9,Sherri,Tucker,559.481.9758x683,anna10@yahoo.com
10,Rachel,Robinson,(773)694-1760x963,melissa84@yahoo.com
11,Joseph,Koch,236-053-3585x4177,kelsey68@martinez.com
12,Catherine,Cowan,001-501-654-1131x82896,kirkgavin@hotmail.com
13,Richard,Hoffman,+1-888-628-7516x46330,krystalwright@cunningham.com
14,Lauren,Tucker,+1-774-755-6653x352,zgarcia@beck-taylor.org
15,Jason,Sanders,735-098-5796x797,greenjacob@gmail.com
16,Rita,Wilkinson,(012)120-0612x7513,rhondabaker@thomas.org
17,Laura,Sutton,782.084.2919,richardsharp@yahoo.com
18,Tyler,Robinson,0055419379,mwelch@flores.org
19,Stacy,Aguilar,(648)753-0095,moyerkatie@martin.com
20,Eric,Perry,(728)276-1447x96906,darrelljones@gmail.com
21,Ashley,Tucker,(456)859-6016x20726,christine88@diaz.net
22,Janet,Wagner,(337)418-9601x294,jasongarcia@hotmail.com
23,Tommy,Wood,8890364274,aprilbautista@irwin.com
24,Darren,Phillips,+1-776-817-9422x4757,rogerswalter@evans.biz
25,David,Thomas,001-742-855-8257x740,cindymclean@huerta-hess.info
26,Charles,Jones,+1-507-637-1607x67672,daychristopher@hotmail.com
27,Ronald,Harris,519.665.2558,bhudson@juarez.info
28,Stephanie,Bryan,001-614-632-6905x943,kimberly42@lawson-moon.biz
29,Rebecca,Chambers,(263)307-7609,edwin74@gmail.com
30,Robert,Robinson,173.539.3658,lrobbins@hotmail.com
