Área,Categoría
Literatura,Ficción
Literatura,Literatura clásica
Literatura,Poesía
Literatura,Teatro
Literatura,Fantasía
Literatura,Ciencia ficción
Ciencias Sociales y Humanidades,Historia
Ciencias Sociales y Humanidades,Filosofía
Ciencias Sociales y Humanidades,Psicología
Ciencias Sociales y Humanidades,Sociología
Ciencias Sociales y Humanidades,Educación / Pedagogía
Ciencias Sociales y Humanidades,Derecho / Legislación
Ciencias Sociales y Humanidades,Religión / Espiritualidad
Ciencias y Tecnología,Ciencia
Ciencias y Tecnología,Tecnología / Informática
Ciencias y Tecnología,Salud y bienestar
Ciencias y Tecnología,Medio ambiente
Economía y Empresa,Economía
Economía y Empresa,Administración y empresa
Economía y Empresa,Finanzas
Biografía y Documental,Biografías / Autobiografías
Biografía y Documental,Ensayo
Biografía y Documental,Crónica / Testimonio
Arte y Cultura,Arte
Arte y Cultura,Música
Arte y Cultura,Cine / Fotografía
Infantil y Juvenil,Infantil
Infantil y Juvenil,Juvenil
Infantil y Juvenil,Cuentos
Miscelánea,Autoayuda
Miscelánea,Viajes / Geografía
Miscelánea,Gastronomía
Miscelánea,Manualidades / Hobbies
