ID,Nombre,DNI,Email,Teléfono
1,Tito Alfaro Becerra,64591678W,wpoza@yahoo.com,+34729010566
2,María Torrens,75411529Q,marcelo44@yahoo.com,+34940 639 098
3,Nerea Lamas,29369483Q,martinezcruz@montenegro.com,+34 994 73 13 77
4,Adelaida Bustos-Busquets,75130543D,yropero@rosado.com,+34 970551399
5,Amada Cecilia Báez Ortega,10091864B,iruano@gmail.com,+34 702946803
6,Chita del Soria,65794414Q,chita36@mesa.org,+34 825501557
7,Casemiro Vélez Iglesia,63487471G,rafaelaroma@yahoo.com,+34732835752
8,Marcela Cerdá,68512093V,pfuster@mas.com,+34912 238 278
9,Jenaro Palau Fuentes,80659193Q,linarodenas@gmail.com,+34 713 142 343
10,Cloe de Milla,16642482H,mbenavides@olmo.es,+34 736 118 880
11,Jacinto de Diego,15994085E,vito04@riera-navarrete.com,+34 654 214 456
12,Dionisia Amores Tirado,85827734M,kmanrique@gargallo-godoy.es,+34 747938456
13,Marina Barceló Grande,66439025A,ivarela@hotmail.com,+34656 492 973
14,Marc Carbó Mateu,99770337N,jose-miguelcepeda@gmail.com,+34 879130896
15,Marino Almazán Taboada,29813507R,nadalmiguel@alegre-amores.com,+34730369252
16,Lucía Estevez Jáuregui,46701151G,andreuprudencio@sancho.es,+34983 139 522
17,Aristides Toribio Espejo Garzón,36282351N,nilda96@yahoo.com,+34731 738 064
18,Kike Quintero Castillo,30377905S,rvillanueva@hotmail.com,+34925 67 50 27
19,Ana Sofía Llamas Alemán,58705119E,eliseocarmona@navas-almagro.es,+34703 907 446
20,Cruz Cabrera Sastre,76231407N,cruzbellido@vall.com,+34 708 712 324
21,Leopoldo Torrens-Carrasco,90006964S,pepitabenavent@barba.es,+34 698682453
22,Aurelia Beltran Nicolás,97233529D,salazarvictoriano@escudero.com,+34 725 137 978
23,Piedad Elodia Vélez Julián,40137180H,arnaucornelio@mora.org,+34848 291 068
24,Cristina Cantero-Ribes,57194475H,teodosio24@gmail.com,+34 843 17 63 42
25,Ángeles Mónica Anguita Bravo,18551020D,carmelogil@paredes.es,+34 944 679 639
26,Gema de Fernández,40978770F,hpedrosa@anaya.es,+34 737 038 429
27,Silvio Pi,97716307S,lmiguel@figueras-bermudez.es,+34 730 17 57 71
28,Elvira Solsona,28208459T,nsanchez@acosta.com,+34 827 74 72 13
29,Cleto Gascón Pina,18811520E,victorianopomares@badia.es,+34 868 35 34 63
30,Jordana Ricart-Cisneros,44687205X,arranzedu@yahoo.com,+34 734 334 251
